<scenefile>
    <globaldata>
	<diffusecoeff v="0.7"/>
	<specularcoeff v="0.5"/>
	<ambientcoeff v="0.3"/>
    </globaldata>

    <cameradata>
	<pos x="0" y="2.7" z="3"/>
	<focus x="0" y="0.5" z="-6"/>
	<up x="0" y="1" z="0"/>
	<heightangle v="55"/>
    </cameradata>

    <lightdata>
	<id v="0"/>
	<color r="0.5" g="0.5" b="0.5"/>
	<position x="-20" y="50" z="30"/>
    </lightdata>

    <lightdata>
	<id v="1"/>
	<color r="0.5" g="0.5" b="0.5"/>
	<position x="20" y="50" z="30"/>
    </lightdata>

    <object type="tree" name="chair">
	<transblock>
	    <translate x="0" y="0.7" z="-0.6"/>
	    <scale x="1" y="0.7" z="0.2"/>
	    <object type="primitive" name="sphere" >
		<diffuse r="0.4" g="0.4" b="0.4"/>
		<ambient r="0.4" g="0.4" b="0.4"/>
	    </object>
	</transblock>
	<transblock>
	    <translate x="0" y="-0.1" z="0"/>
	    <scale x="1.2" y="0.2" z="1.1"/>
	    <object type="primitive" name="sphere" >
		<diffuse r="0.4" g="0.4" b="0.4"/>
		<ambient r="0.4" g="0.4" b="0.4"/>
	    </object>
	</transblock>
	<transblock>
	    <translate x="0.6" y="0.3" z="-0.1"/>
	    <scale x="0.2" y="0.2" z="0.8"/>
	    <object type="primitive" name="sphere" >
		<diffuse r="0.4" g="0.4" b="0.4"/>
		<ambient r="0.4" g="0.4" b="0.4"/>
	    </object>
	</transblock>
	<transblock>
	    <translate x="-0.6" y="0.3" z="-0.1"/>
	    <scale x="0.2" y="0.2" z="0.8"/>
	    <object type="primitive" name="sphere" >
		<diffuse r="0.4" g="0.4" b="0.4"/>
		<ambient r="0.4" g="0.4" b="0.4"/>
	    </object>
	</transblock>
	<transblock>
	    <translate x="0" y="0" z="-0.5"/>
	    <rotate x="1" y="0" z="0" angle="-20"/>
	    <scale x="0.4" y="0.5" z="0.1"/>
	    <translate x="0" y="0.3" z="0"/>
	    <object type="primitive" name="cylinder" >
		<diffuse r="0.1" g="0.1" b="0.1"/>
		<ambient r="0.1" g="0.1" b="0.1"/>
	    </object>
	</transblock>
	<transblock>
	    <translate x="0.4" y="-0.07" z="0"/>
	    <rotate x="1" y="0" z="0" angle="-30"/>
	    <scale x="0.1" y="0.8" z="0.1"/>
	    <translate x="0" y="-0.5" z="0"/>
	    <object type="primitive" name="cylinder" >
		<diffuse r="0.1" g="0.1" b="0.1"/>
		<ambient r="0.1" g="0.1" b="0.1"/>
	    </object>
	</transblock>
	<transblock>
	    <translate x="-0.4" y="-0.07" z="0"/>
	    <rotate x="1" y="0" z="0" angle="-30"/>
	    <scale x="0.1" y="0.8" z="0.1"/>
	    <translate x="0" y="-0.5" z="0"/>
	    <object type="primitive" name="cylinder" >
		<diffuse r="0.1" g="0.1" b="0.1"/>
		<ambient r="0.1" g="0.1" b="0.1"/>
	    </object>
	</transblock>
	<transblock>
	    <translate x="0.4" y="-0.07" z="0"/>
	    <rotate x="1" y="0" z="0" angle="30"/>
	    <scale x="0.1" y="0.8" z="0.1"/>
	    <translate x="0" y="-0.5" z="0"/>
	    <object type="primitive" name="cylinder" >
		<diffuse r="0.1" g="0.1" b="0.1"/>
		<ambient r="0.1" g="0.1" b="0.1"/>
	    </object>
	</transblock>
	<transblock>
	    <translate x="-0.4" y="-0.07" z="0"/>
	    <rotate x="1" y="0" z="0" angle="30"/>
	    <scale x="0.1" y="0.8" z="0.1"/>
	    <translate x="0" y="-0.5" z="0"/>
	    <object type="primitive" name="cylinder" >
		<diffuse r="0.1" g="0.1" b="0.1"/>
		<ambient r="0.1" g="0.1" b="0.1"/>
	    </object>
	</transblock>
	<transblock>
	    <translate x="0.4" y="0" z="0"/>
	    <rotate x="1" y="0" z="0" angle="30"/>
	    <translate x="0" y="-0.9" z="0"/>
	    <rotate x="0" y="0" z="1" angle="90"/>
	    <scale x="0.15" y="0.1" z="0.15"/>
	    <object type="primitive" name="cylinder" >
		<diffuse r="0.1" g="0.1" b="0.1"/>
		<ambient r="0.1" g="0.1" b="0.1"/>
	    </object>
	</transblock>
	<transblock>
	    <translate x="-0.4" y="0" z="0"/>
	    <rotate x="1" y="0" z="0" angle="30"/>
	    <translate x="0" y="-0.9" z="0"/>
	    <rotate x="0" y="0" z="1" angle="90"/>
	    <scale x="0.15" y="0.1" z="0.15"/>
	    <object type="primitive" name="cylinder" >
		<diffuse r="0.1" g="0.1" b="0.1"/>
		<ambient r="0.1" g="0.1" b="0.1"/>
	    </object>
	</transblock>
	<transblock>
	    <translate x="0.4" y="0" z="0"/>
	    <rotate x="1" y="0" z="0" angle="-30"/>
	    <translate x="0" y="-0.9" z="0"/>
	    <rotate x="0" y="0" z="1" angle="90"/>
	    <scale x="0.15" y="0.1" z="0.15"/>
	    <object type="primitive" name="cylinder" >
		<diffuse r="0.1" g="0.1" b="0.1"/>
		<ambient r="0.1" g="0.1" b="0.1"/>
	    </object>
	</transblock>
	<transblock>
	    <translate x="-0.4" y="0" z="0"/>
	    <rotate x="1" y="0" z="0" angle="-30"/>
	    <translate x="0" y="-0.9" z="0"/>
	    <rotate x="0" y="0" z="1" angle="90"/>
	    <scale x="0.15" y="0.1" z="0.15"/>
	    <object type="primitive" name="cylinder" >
		<diffuse r="0.1" g="0.1" b="0.1"/>
		<ambient r="0.1" g="0.1" b="0.1"/>
	    </object>
	</transblock>
	<transblock>
	    <translate x="0.4" y="-0.1" z="-0.3"/>
	    <rotate x="0" y="0" z="1" angle="-30"/>
	    <scale x="0.1" y="0.4" z="0.2"/>
	    <translate x="0" y="0.5" z="0"/>
	    <object type="primitive" name="cylinder" >
		<diffuse r="0.1" g="0.1" b="0.1"/>
		<ambient r="0.1" g="0.1" b="0.1"/>
	    </object>
	</transblock>
	<transblock>
	    <translate x="-0.4" y="-0.1" z="-0.3"/>
	    <rotate x="0" y="0" z="1" angle="30"/>
	    <scale x="0.1" y="0.4" z="0.1"/>
	    <translate x="0" y="0.5" z="0"/>
	    <object type="primitive" name="cylinder" >
		<diffuse r="0.1" g="0.1" b="0.1"/>
		<ambient r="0.1" g="0.1" b="0.1"/>
	    </object>
	</transblock>
    </object>

    <object type="tree" name="fronttable1">
	<transblock>
	    <scale x="2" y="1" z="1"/>
	    <translate x="0" y="0.5" z="0"/>
	    <object type="primitive" name="cube" >
		<diffuse r="0.62" g="0.4" b="0.19"/>
		<ambient r="0.62" g="0.4" b="0.19"/>
	    </object>
	</transblock>
	<transblock>
	    <translate x="0" y="1.1" z="0.45"/>
	    <scale x="2.2" y="0.2" z="0.1"/>
	    <object type="primitive" name="cube" >
		<diffuse r="0.72" g="0.52" b="0.33"/>
		<ambient r="0.72" g="0.52" b="0.33"/>
	    </object>
	</transblock>
	<transblock>
	    <translate x="1.05" y="1.1" z="-0.05"/>
	    <scale x="0.1" y="0.2" z="0.9"/>
	    <object type="primitive" name="cube" >
		<diffuse r="0.72" g="0.52" b="0.33"/>
		<ambient r="0.72" g="0.52" b="0.33"/>
	    </object>
	</transblock>
	<transblock>
	    <translate x="-1.05" y="1.1" z="-0.05"/>
	    <scale x="0.1" y="0.2" z="0.9"/>
	    <object type="primitive" name="cube" >
		<diffuse r="0.72" g="0.52" b="0.33"/>
		<ambient r="0.72" g="0.52" b="0.33"/>
	    </object>
	</transblock>
	<transblock>
	    <translate x="0.5" y="1.1" z="0"/>
	    <rotate x="1" y="0" z="0" angle="10"/>
	    <scale x="0.45" y="0.45" z="0.45"/>
	    <object type="primitive" name="cube" >
		<diffuse r="0.8" g="0.8" b="0.8"/>
		<ambient r="0.8" g="0.8" b="0.8"/>
	    </object>
	</transblock>
	<transblock>
	    <translate x="-0.5" y="1.1" z="0"/>
	    <rotate x="1" y="0" z="0" angle="10"/>
	    <scale x="0.45" y="0.45" z="0.45"/>
	    <object type="primitive" name="cube" >
		<diffuse r="0.8" g="0.8" b="0.8"/>
		<ambient r="0.8" g="0.8" b="0.8"/>
	    </object>
	</transblock>
    </object>

    <object type="tree" name="fronttable2">
	<transblock>
	    <translate x="0" y="0.7" z="0"/>
	    <scale x="0.8" y="0.15" z="0.8"/>
	    <object type="primitive" name="cube" >
		<diffuse r="0.72" g="0.52" b="0.33"/>
		<ambient r="0.72" g="0.52" b="0.33"/>
	    </object>
	</transblock>
	<transblock>
	    <translate x="0.3" y="0" z="0.2"/>
	    <scale x="0.07" y="0.7" z="0.07"/>
	    <translate x="0" y="0.5" z="1"/>
	    <object type="primitive" name="cylinder" >
		<diffuse r="0.45" g="0.35" b="0.15"/>
		<ambient r="0.45" g="0.35" b="0.15"/>
	    </object>
	</transblock>
	<transblock>
	    <translate x="0.3" y="0" z="-0.2"/>
	    <scale x="0.07" y="0.7" z="0.07"/>
	    <translate x="0" y="0.5" z="1"/>
	    <object type="primitive" name="cylinder" >
		<diffuse r="0.45" g="0.35" b="0.15"/>
		<ambient r="0.45" g="0.35" b="0.15"/>
	    </object>
	</transblock>
	<transblock>
	    <translate x="-0.3" y="0" z="-0.2"/>
	    <scale x="0.07" y="0.7" z="0.07"/>
	    <translate x="0" y="0.5" z="1"/>
	    <object type="primitive" name="cylinder" >
		<diffuse r="0.45" g="0.35" b="0.15"/>
		<ambient r="0.45" g="0.35" b="0.15"/>
	    </object>
	</transblock>
	<transblock>
	    <translate x="-0.3" y="0" z="0.2"/>
	    <scale x="0.07" y="0.7" z="0.07"/>
	    <translate x="0" y="0.5" z="1"/>
	    <object type="primitive" name="cylinder" >
		<diffuse r="0.45" g="0.35" b="0.15"/>
		<ambient r="0.45" g="0.35" b="0.15"/>
	    </object>
	</transblock>
    </object>

    <object type="tree" name="fronttable">
	<transblock>
	    <object type="master" name="fronttable1" />
	</transblock>
	<transblock>
	    <translate x="-1.5" y="0" z="0"/>
	    <object type="master" name="fronttable2" />
	</transblock>
    </object>

    <object type="tree" name="clock">
	<transblock>
	    <rotate x="1" y="0" z="0" angle="90"/>
	    <scale x="0.3" y="0.05" z=".01"/>
	    <object type="primitive" name="cylinder" >
		<diffuse r="0.1" g="0.1" b="0.1"/>
		<ambient r="0.1" g="0.1" b="0.1"/>
	    </object>
	</transblock>
	<transblock>
	    <translate x="0" y="0" z="0.02"/>
	    <scale x="0.27" y="0.27" z="0.03"/>
	    <rotate x="1" y="0" z="0" angle="90"/>
	    <object type="primitive" name="sphere" >
		<diffuse r="0.9" g="0.9" b="0.9"/>
		<ambient r="0.9" g="0.9" b="0.9"/>
	    </object>
	</transblock>
	<transblock>
	    <rotate x="0" y="0" z="1" angle="30"/>
	    <translate x="0" y="0.1" z="0.06"/>
	    <scale x="0.005" y="0.02" z="0.005"/>
	    <object type="primitive" name="cube" >
		<diffuse r="0.1" g="0.1" b="0.1"/>
		<ambient r="0.1" g="0.1" b="0.1"/>
	    </object>
	</transblock>
	<transblock>
	    <rotate x="0" y="0" z="1" angle="60"/>
	    <translate x="0" y="0.1" z="0.06"/>
	    <scale x="0.005" y="0.02" z="0.005"/>
	    <object type="primitive" name="cube" >
		<diffuse r="0.1" g="0.1" b="0.1"/>
		<ambient r="0.1" g="0.1" b="0.1"/>
	    </object>
	</transblock>
	<transblock>
	    <rotate x="0" y="0" z="1" angle="90"/>
	    <translate x="0" y="0.1" z="0.06"/>
	    <scale x="0.005" y="0.02" z="0.005"/>
	    <object type="primitive" name="cube" >
		<diffuse r="0.1" g="0.1" b="0.1"/>
		<ambient r="0.1" g="0.1" b="0.1"/>
	    </object>
	</transblock>
	<transblock>
	    <rotate x="0" y="0" z="1" angle="120"/>
	    <translate x="0" y="0.1" z="0.06"/>
	    <scale x="0.005" y="0.02" z="0.005"/>
	    <object type="primitive" name="cube" >
		<diffuse r="0.1" g="0.1" b="0.1"/>
		<ambient r="0.1" g="0.1" b="0.1"/>
	    </object>
	</transblock>
	<transblock>
	    <rotate x="0" y="0" z="1" angle="150"/>
	    <translate x="0" y="0.1" z="0.06"/>
	    <scale x="0.005" y="0.02" z="0.005"/>
	    <object type="primitive" name="cube" >
		<diffuse r="0.1" g="0.1" b="0.1"/>
		<ambient r="0.1" g="0.1" b="0.1"/>
	    </object>
	</transblock>
	<transblock>
	    <rotate x="0" y="0" z="1" angle="180"/>
	    <translate x="0" y="0.1" z="0.06"/>
	    <scale x="0.005" y="0.02" z="0.005"/>
	    <object type="primitive" name="cube" >
		<diffuse r="0.1" g="0.1" b="0.1"/>
		<ambient r="0.1" g="0.1" b="0.1"/>
	    </object>
	</transblock>
	<transblock>
	    <rotate x="0" y="0" z="1" angle="210"/>
	    <translate x="0" y="0.1" z="0.06"/>
	    <scale x="0.005" y="0.02" z="0.005"/>
	    <object type="primitive" name="cube" >
		<diffuse r="0.1" g="0.1" b="0.1"/>
		<ambient r="0.1" g="0.1" b="0.1"/>
	    </object>
	</transblock>
	<transblock>
	    <rotate x="0" y="0" z="1" angle="240"/>
	    <translate x="0" y="0.1" z="0.06"/>
	    <scale x="0.005" y="0.02" z="0.005"/>
	    <object type="primitive" name="cube" >
		<diffuse r="0.1" g="0.1" b="0.1"/>
		<ambient r="0.1" g="0.1" b="0.1"/>
	    </object>
	</transblock>
	<transblock>
	    <rotate x="0" y="0" z="1" angle="270"/>
	    <translate x="0" y="0.1" z="0.06"/>
	    <scale x="0.005" y="0.02" z="0.005"/>
	    <object type="primitive" name="cube" >
		<diffuse r="0.1" g="0.1" b="0.1"/>
		<ambient r="0.1" g="0.1" b="0.1"/>
	    </object>
	</transblock>
	<transblock>
	    <rotate x="0" y="0" z="1" angle="300"/>
	    <translate x="0" y="0.1" z="0.06"/>
	    <scale x="0.005" y="0.02" z="0.005"/>
	    <object type="primitive" name="cube" >
		<diffuse r="0.1" g="0.1" b="0.1"/>
		<ambient r="0.1" g="0.1" b="0.1"/>
	    </object>
	</transblock>
	<transblock>
	    <rotate x="0" y="0" z="1" angle="330"/>
	    <translate x="0" y="0.1" z="0.06"/>
	    <scale x="0.005" y="0.02" z="0.005"/>
	    <object type="primitive" name="cube" >
		<diffuse r="0.1" g="0.1" b="0.1"/>
		<ambient r="0.1" g="0.1" b="0.1"/>
	    </object>
	</transblock>
	<transblock>
	    <rotate x="0" y="0" z="1" angle="0"/>
	    <translate x="0" y="0.1" z="0.06"/>
	    <scale x="0.005" y="0.02" z="0.005"/>
	    <object type="primitive" name="cube" >
		<diffuse r="0.1" g="0.1" b="0.1"/>
		<ambient r="0.1" g="0.1" b="0.1"/>
	    </object>
	</transblock>
	<transblock>
	    <rotate x="0" y="0" z="1" angle="60"/>
	    <translate x="0" y="0" z="0.06"/>
	    <scale x="0.02" y="0.13" z="0.01"/>
	    <translate x="0" y="0.5" z="0"/>
	    <object type="primitive" name="cone" >
		<diffuse r="0.1" g="0.1" b="0.1"/>
		<ambient r="0.1" g="0.1" b="0.1"/>
	    </object>
	</transblock>
	<transblock>
	    <rotate x="0" y="0" z="1" angle="10"/>
	    <translate x="0" y="0" z="0.06"/>
	    <scale x="0.02" y="0.06" z="0.01"/>
	    <translate x="0" y="0.5" z="0"/>
	    <object type="primitive" name="cone" >
		<diffuse r="0.1" g="0.1" b="0.1"/>
		<ambient r="0.1" g="0.1" b="0.1"/>
	    </object>
	</transblock>
	<transblock>
	    <translate x="0" y="0" z="0.06"/>
	    <scale x="0.02" y="0.02" z="0.06"/>
	    <object type="primitive" name="sphere" >
		<diffuse r="0.1" g="0.1" b="0.1"/>
		<ambient r="0.1" g="0.1" b="0.1"/>
	    </object>
	</transblock>
    </object>

    <object type="tree" name="plugsorange">
	<transblock>
	    <scale x="0.012" y="0.015" z="0.002"/>
	    <object type="primitive" name="cube" >
		<diffuse r="0.83" g="0.43" b="0"/>
		<ambient r="0.83" g="0.43" b="0"/>
	    </object>
	</transblock>
	<transblock>
	    <translate x="0" y="0.0022" z="0.001"/>
	    <scale x="0.007" y="0.0016" z="0.002"/>
	    <object type="primitive" name="cube" >
		<diffuse r="0" g="0" b="0"/>
		<ambient r="0" g="0" b="0"/>
	    </object>
	</transblock>
	<transblock>
	    <translate x="0" y="-0.0022" z="0.001"/>
	    <scale x="0.007" y="0.0016" z="0.002"/>
	    <object type="primitive" name="cube" >
		<diffuse r="0" g="0" b="0"/>
		<ambient r="0" g="0" b="0"/>
	    </object>
	</transblock>
    </object>

    <object type="tree" name="plugs">
	<transblock>
	    <translate x="0" y="0" z="0"/>
	    <object type="master" name="plugsorange" />
	</transblock>
	<transblock>
	    <translate x="-0.017" y="0" z="0"/>
	    <object type="master" name="plugsorange" />
	</transblock>
	<transblock>
	    <translate x="-0.05" y="-0.005" z="0"/>
	    <scale x="0.01" y="0.01" z="0.002"/>
	    <object type="primitive" name="cube" >
		<diffuse r="1" g="1" b="1"/>
		<ambient r="1" g="1" b="1"/>
	    </object>
	</transblock>
	<transblock>
	    <translate x="-0.05" y="-0.005" z="0.001"/>
	    <scale x="0.005" y="0.006" z="0.002"/>
	    <object type="primitive" name="cube" >
		<diffuse r="0" g="0" b="0"/>
		<ambient r="0" g="0" b="0"/>
	    </object>
	</transblock>
    </object>

    <object type="tree" name="widetable">
	<transblock>
	    <translate x="0" y="0.8" z="0"/>
	    <scale x="8" y="0.1" z="1"/>
	    <translate x="0" y="0.5" z="0"/>
	    <object type="primitive" name="cube" >
		<diffuse r="0.81" g="0.3" b="0.15"/>
		<ambient r="0.81" g="0.3" b="0.15"/>
	    </object>
	</transblock>
	<transblock>
	    <translate x="0" y="0" z="-0.5"/>
	    <scale x="8.2" y="1" z="0.1"/>
	    <translate x="0" y="0.5" z="0"/>
	    <object type="primitive" name="cube" >
		<diffuse r="0.84" g="0.68" b="0.35"/>
		<ambient r="0.84" g="0.68" b="0.35"/>
	    </object>
	</transblock>
	<transblock>
	    <translate x="0" y="0.93" z="-0.43"/>
	    <scale x="8.2" y="0.1" z="0.1"/>
	    <object type="primitive" name="cube" >
		<diffuse r="0.9" g="0.9" b="0.9"/>
		<ambient r="0.9" g="0.9" b="0.9"/>
		<specular r="0.8" g="0.8" b="0.8"/>
	    </object>
	</transblock>
	<transblock>
	    <translate x="4.05" y="0" z="0.05"/>
	    <scale x="0.1" y="1" z="1"/>
	    <translate x="0" y="0.5" z="0"/>
	    <object type="primitive" name="cube" >
		<diffuse r="0.84" g="0.68" b="0.35"/>
		<ambient r="0.84" g="0.68" b="0.35"/>
	    </object>
	</transblock>
	<transblock>
	    <translate x="-4.05" y="0" z="0.05"/>
	    <scale x="0.1" y="1" z="1"/>
	    <translate x="0" y="0.5" z="0"/>
	    <object type="primitive" name="cube" >
		<diffuse r="0.84" g="0.68" b="0.35"/>
		<ambient r="0.84" g="0.68" b="0.35"/>
	    </object>
	</transblock>
	<transblock>
	    <translate x="0" y="0.94" z="-0.37"/>
	    <scale x="3.5" y="3.5" z="3.5"/>
	    <object type="master" name="plugs" />
	</transblock>
	<transblock>
	    <translate x="1.5" y="0.94" z="-0.37"/>
	    <scale x="3.5" y="3.5" z="3.5"/>
	    <object type="master" name="plugs" />
	</transblock>
	<transblock>
	    <translate x="3" y="0.94" z="-0.37"/>
	    <scale x="3.5" y="3.5" z="3.5"/>
	    <object type="master" name="plugs" />
	</transblock>
	<transblock>
	    <translate x="-1.5" y="0.94" z="-0.37"/>
	    <scale x="3.5" y="3.5" z="3.5"/>
	    <object type="master" name="plugs" />
	</transblock>
	<transblock>
	    <translate x="-3" y="0.94" z="-0.37"/>
	    <scale x="3.5" y="3.5" z="3.5"/>
	    <object type="master" name="plugs" />
	</transblock>
	<transblock>
	    <translate x="0.8" y="0.5" z="0.5"/>
	    <scale x="0.7" y="0.7" z="0.7"/>
	    <rotate x="0" y="1" z="0" angle="160"/>
	    <object type="master" name="chair" />
	</transblock>
	<transblock>
	    <translate x="-1" y="0.5" z="0.5"/>
	    <scale x="0.7" y="0.7" z="0.7"/>
	    <rotate x="0" y="1" z="0" angle="190"/>
	    <object type="master" name="chair" />
	</transblock>
	<transblock>
	    <translate x="3" y="0.5" z="0.5"/>
	    <scale x="0.7" y="0.7" z="0.7"/>
	    <rotate x="0" y="1" z="0" angle="210"/>
	    <object type="master" name="chair" />
	</transblock>
	<transblock>
	    <translate x="-3" y="0.5" z="0.5"/>
	    <scale x="0.7" y="0.7" z="0.7"/>
	    <rotate x="0" y="1" z="0" angle="140"/>
	    <object type="master" name="chair" />
	</transblock>
    </object>

    <object type="tree" name="tableset">
	<transblock>
	    <translate x="0" y="0" z="0.7"/>
	    <scale x="10" y="10" z="2.7"/>
	    <translate x="0" y="-0.5" z="0"/>
	    <object type="primitive" name="cube" >
		<diffuse r="0.83" g="0.71" b="0.43"/>
		<ambient r="0.83" g="0.71" b="0.43"/>
	    </object>
	</transblock>
	<transblock>
	    <translate x="0" y="0" z="0"/>
	    <object type="master" name="widetable" />
	</transblock>
    </object>

    <object type="tree" name="alltables">
	<transblock>
	    <object type="master" name="tableset" />
	</transblock>
	<transblock>
	    <translate x="0" y="-0.5" z="-2.3"/>
	    <object type="master" name="tableset" />
	</transblock>
	<transblock>
	    <translate x="0" y="-1" z="-4.6"/>
	    <object type="master" name="tableset" />
	</transblock>
	<transblock>
	    <translate x="0" y="-1.5" z="-6.9"/>
	    <object type="master" name="tableset" />
	</transblock>
	<transblock>
	    <translate x="0" y="-1.5" z="-9.2"/>
	    <object type="master" name="tableset" />
	</transblock>
    </object>

    <object type="tree" name="frontwall">
	<transblock>
	    <scale x="15" y="10" z="0.2"/>
	    <object type="primitive" name="cube" >
		<diffuse r="0.94" g="0.94" b="0.94"/>
		<ambient r="0.94" g="0.94" b="0.94"/>
	    </object>
	</transblock>
	<transblock>
	    <translate x="6.4" y="0" z="0"/>
	    <scale x="2.2" y="10" z="1"/>
	    <object type="primitive" name="cube" >
		<diffuse r="1" g="1" b="0.55"/>
		<ambient r="1" g="1" b="0.55"/>
	    </object>
	</transblock>
	<transblock>
	    <translate x="-6.4" y="0" z="0"/>
	    <scale x="2.2" y="10" z="1"/>
	    <object type="primitive" name="cube" >
		<diffuse r="1" g="1" b="0.55"/>
		<ambient r="1" g="1" b="0.55"/>
	    </object>
	</transblock>
	<transblock>
	    <translate x="6.4" y="1.4" z="0.5"/>
	    <scale x="3.5" y="3.5" z="3.5"/>
	    <object type="master" name="clock" />
	</transblock>
	<transblock>
	    <translate x="0" y="-1.1" z="0.2"/>
	    <scale x="8.5" y="3" z="0.1"/>
	    <object type="primitive" name="cube" >
		<diffuse r="1" g="1" b="1"/>
		<ambient r="1" g="1" b="1"/>
	    </object>
	</transblock>
	<transblock>
	    <translate x="0" y="-2.6" z="0.25"/>
	    <scale x="8.8" y="0.5" z="0.3"/>
	    <object type="primitive" name="cube" >
		<diffuse r="0.65" g="0.47" b="0.31"/>
		<ambient r="0.64" g="0.47" b="0.31"/>
	    </object>
	</transblock>
	<transblock>
	    <translate x="0" y="2.6" z="0"/>
	    <scale x="6.5" y="0.5" z="2"/>
	    <object type="primitive" name="cube" >
		<diffuse r="1" g="1" b="1"/>
		<ambient r="1" g="1" b="1"/>
	    </object>
	</transblock>
	<transblock>
	    <translate x="0" y="0.5" z="0.1"/>
	    <scale x="5.5" y="4" z="1"/>
	    <object type="primitive" name="cube" >
		<diffuse r="0.1" g="0.1" b="0.1"/>
		<ambient r="0.1" g="0.1" b="0.1"/>
	    </object>
	</transblock>
	<transblock>
	    <translate x="0" y="0.5" z="0.2"/>
	    <scale x="5.3" y="3.8" z="1.1"/>
	    <object type="primitive" name="cube" >
		<diffuse r="1" g="1" b="1"/>
		<ambient r="1" g="1" b="1"/>
	    </object>
	</transblock>
    </object>

    <object type="tree" name="root">
	<transblock>
	    <translate x="0" y="2" z="-15"/>
	    <scale x="0.7" y="0.7" z="0.7"/>
	    <object type="master" name="frontwall" />
	</transblock>
	<transblock>
	    <translate x="2.7" y="-1" z="-12"/>
	    <rotate x="0" y="1" z="0" angle="-20"/>
	    <object type="master" name="fronttable" />
	</transblock>
	<transblock>
	    <translate x="5" y="-1" z="-12"/>
	    <rotate x="0" y="1" z="0" angle="-90"/>
	    <scale x="0.7" y="0.7" z="0.7"/>
	    <object type="master" name="chair" />
	</transblock>
	<transblock>
	    <translate x="5" y="-1" z="-11"/>
	    <rotate x="0" y="1" z="0" angle="-90"/>
	    <scale x="0.7" y="0.7" z="0.7"/>
	    <object type="master" name="chair" />
	</transblock>
	<transblock>
	    <translate x="5" y="-1" z="-14"/>
	    <rotate x="0" y="1" z="0" angle="-90"/>
	    <scale x="0.7" y="0.7" z="0.7"/>
	    <object type="master" name="chair" />
	</transblock>
	<transblock>
	    <translate x="5" y="-1" z="-13"/>
	    <rotate x="0" y="1" z="0" angle="-90"/>
	    <scale x="0.7" y="0.7" z="0.7"/>
	    <object type="master" name="chair" />
	</transblock>
	<transblock>
	    <translate x="-6" y="0" z="0"/>
	    <scale x="0.1" y="20" z="3"/>
	    <object type="primitive" name="cube" >
		<diffuse r="1" g="1" b="1"/>
		<ambient r="1" g="1" b="1"/>
	    </object>
	</transblock>
	<transblock>
	    <translate x="6" y="0" z="0"/>
	    <scale x="0.1" y="20" z="3"/>
	    <object type="primitive" name="cube" >
		<diffuse r="1" g="1" b="1"/>
		<ambient r="1" g="1" b="1"/>
	    </object>
	</transblock>
	<transblock>
	    <translate x="-6" y="0" z="-3.1"/>
	    <scale x="0.1" y="20" z="3"/>
	    <object type="primitive" name="cube" >
		<diffuse r="1" g="1" b="1"/>
		<ambient r="1" g="1" b="1"/>
	    </object>
	</transblock>
	<transblock>
	    <translate x="6" y="0" z="-3.1"/>
	    <scale x="0.1" y="20" z="3"/>
	    <object type="primitive" name="cube" >
		<diffuse r="1" g="1" b="1"/>
		<ambient r="1" g="1" b="1"/>
	    </object>
	</transblock>
	<transblock>
	    <translate x="-6" y="0" z="-6.2"/>
	    <scale x="0.1" y="20" z="3"/>
	    <object type="primitive" name="cube" >
		<diffuse r="1" g="1" b="1"/>
		<ambient r="1" g="1" b="1"/>
	    </object>
	</transblock>
	<transblock>
	    <translate x="6" y="0" z="-6.2"/>
	    <scale x="0.1" y="20" z="3"/>
	    <object type="primitive" name="cube" >
		<diffuse r="1" g="1" b="1"/>
		<ambient r="1" g="1" b="1"/>
	    </object>
	</transblock>
	<transblock>
	    <translate x="-6" y="0" z="-9.3"/>
	    <scale x="0.1" y="20" z="3"/>
	    <object type="primitive" name="cube" >
		<diffuse r="1" g="1" b="1"/>
		<ambient r="1" g="1" b="1"/>
	    </object>
	</transblock>
	<transblock>
	    <translate x="6" y="0" z="-9.3"/>
	    <scale x="0.1" y="20" z="3"/>
	    <object type="primitive" name="cube" >
		<diffuse r="1" g="1" b="1"/>
		<ambient r="1" g="1" b="1"/>
	    </object>
	</transblock>
	<transblock>
	    <translate x="-6" y="0" z="-12.4"/>
	    <scale x="0.1" y="20" z="3"/>
	    <object type="primitive" name="cube" >
		<diffuse r="1" g="1" b="1"/>
		<ambient r="1" g="1" b="1"/>
	    </object>
	</transblock>
	<transblock>
	    <translate x="6" y="0" z="-12.4"/>
	    <scale x="0.1" y="20" z="3"/>
	    <object type="primitive" name="cube" >
		<diffuse r="1" g="1" b="1"/>
		<ambient r="1" g="1" b="1"/>
	    </object>
	</transblock>
	<transblock>
	    <translate x="-6" y="0" z="-15.5"/>
	    <scale x="0.1" y="20" z="3"/>
	    <object type="primitive" name="cube" >
		<diffuse r="1" g="1" b="1"/>
		<ambient r="1" g="1" b="1"/>
	    </object>
	</transblock>
	<transblock>
	    <translate x="6" y="0" z="-15.5"/>
	    <scale x="0.1" y="20" z="3"/>
	    <object type="primitive" name="cube" >
		<diffuse r="1" g="1" b="1"/>
		<ambient r="1" g="1" b="1"/>
	    </object>
	</transblock>
	<transblock>
	    <translate x="0" y="-1.6" z="-5"/>
	    <scale x="16" y="0.1" z="20"/>
	    <object type="primitive" name="cube" >
		<diffuse r="0.1" g="0.2" b="0.4"/>
		<ambient r="0.1" g="0.2" b="0.4"/>
	    </object>
	</transblock>
	<transblock>
	    <translate x="0" y="5" z="-5"/>
	    <scale x="16" y="0.1" z="20"/>
	    <object type="primitive" name="cube" >
		<diffuse r="1" g="1" b="1"/>
		<ambient r="1" g="1" b="1"/>
	    </object>
	</transblock>
	<transblock>
	    <object type="master" name="alltables" />
	</transblock>
    </object>

</scenefile>

