<scenefile>
	<globaldata>
		<diffusecoeff v="0.5"/>
		<specularcoeff v="0.5"/>
		<ambientcoeff v="0.5"/>
	</globaldata>

	<cameradata>
		<pos x="-4" y="2" z="0"/>
		<up x="0" y="1" z="0"/>
		<focus x="0" y="0" z="0"/>
		<heightangle v="30"/>
	</cameradata>

	<lightdata>
		<id v="0"/>
		<color r="0.5" g="0.5" b="0.5"/>
		<function v1="0" v2="0" v3="1"/>
		<position x="10" y="10" z="10"/>
	</lightdata>

	<lightdata>
		<id v="1"/>
		<color r="0.8" g="0.4" b="0.8"/>
		<function v1="0" v2="0" v3="1"/>
		<position x="-2" y="-2" z="2"/>
	</lightdata>

	<lightdata>
		<id v="2"/>
		<color r="0.8" g="0.4" b="0.8"/>
		<function v1="0" v2="0" v3="1"/>
		<position x="4" y="4" z="4"/>
	</lightdata>

	<lightdata>
		<id v="3"/>
		<color r="0.8" g="0.4" b="0.8"/>
		<function v1="0" v2="0" v3="1"/>
		<position x="-6" y="-6" z="-6"/>
	</lightdata>

	<object type="tree" name="root">
		<transblock>
			<rotate x="0" y="0" z="1" angle="-45"/>
			<object type="primitive" name="cone" >
				<texture file="/course/cs123/data/image/board.png" u="2" v="2"/>
				<blend v="1.0"/>
				<reflective r="0.9" g="0.9" b="0.9"/>
				<diffuse r="1.0" g="1.0" b="1.0"/>
				<shininess v="30"/>
				<specular r="1.0" g="1.0" b="1.0"/>
			</object>
		</transblock>
	</object>

</scenefile>

